Workbook

Sheet Dashboard
A1: CorteQS — Finansal Takip Paneli
A2: Şirket kurulana kadar geçici muhasebe | Burak & Barış
A4: 💸 Toplam Gider | E4: 💰 Toplam Gelir | I4: 📊 Net Pozisyon
A5: =IFERROR(SUMPRODUCT((Giderler!H$4:H$203="TRY")*Giderler!G$4:G$203),0) -> 0 | E5: =IFERROR(SUMPRODUCT((Gelirler!H$4:H$203="TRY")*Gelirler!G$4:G$203),0) -> 0 | I5: =IFERROR(SUMPRODUCT((Gelirler!H$4:H$203="TRY")*Gelirler!G$4:G$203),0)-IFERROR(SUMPRODUCT((Giderler!H$4:H$203="TRY")*Giderler!G$4:G$203),0) -> 0
A6: Tüm Zamanlar / TRY | E6: Tüm Zamanlar / TRY | I6: Gelir − Gider / TRY
A8: ⏳ Bekleyen Gider | E8: ⏳ Bekleyen Tahsilat | I8: 🧾 Toplam Kayıt
A9: =IFERROR(SUMPRODUCT((Giderler!I$4:I$203="Bekliyor")*(Giderler!H$4:H$203="TRY")*Giderler!G$4:G$203),0) -> 0 | E9: =IFERROR(SUMPRODUCT((Gelirler!I$4:I$203="Bekliyor")*(Gelirler!H$4:H$203="TRY")*Gelirler!G$4:G$203),0) -> 0 | I9: =COUNTA(Giderler!B4:B203)+COUNTA(Gelirler!B4:B203) -> 0
A10: Henüz ödenmeyen / TRY | E10: Henüz tahsil edilmeyen / TRY | I10: Gider + Gelir girişi
A12: 👤 Kişi Bazlı Giderler (TRY)
A13: Kişi | B13: Toplam Gider | C13: Ödendi
A14: Burak | B14: =IFERROR(SUMPRODUCT((Giderler!D$4:D$203="Burak")*(Giderler!H$4:H$203="TRY")*Giderler!G$4:G$203),0) -> 0 | C14: =IFERROR(SUMPRODUCT((Giderler!D$4:D$203="Burak")*(Giderler!I$4:I$203="Ödendi")*(Giderler!H$4:H$203="TRY")*Giderler!G$4:G$203),0) -> 0
A15: Barış | B15: =IFERROR(SUMPRODUCT((Giderler!D$4:D$203="Barış")*(Giderler!H$4:H$203="TRY")*Giderler!G$4:G$203),0) -> 0 | C15: =IFERROR(SUMPRODUCT((Giderler!D$4:D$203="Barış")*(Giderler!I$4:I$203="Ödendi")*(Giderler!H$4:H$203="TRY")*Giderler!G$4:G$203),0) -> 0
A16: Ortak | B16: =IFERROR(SUMPRODUCT((Giderler!D$4:D$203="Ortak")*(Giderler!H$4:H$203="TRY")*Giderler!G$4:G$203),0) -> 0 | C16: =IFERROR(SUMPRODUCT((Giderler!D$4:D$203="Ortak")*(Giderler!I$4:I$203="Ödendi")*(Giderler!H$4:H$203="TRY")*Giderler!G$4:G$203),0) -> 0
A18: 📂 Kategori Bazlı Giderler (TRY)
A19: Kategori | B19: Toplam | C19: Kayıt Sayısı
A20: Yazılım & Araçlar | B20: =IFERROR(SUMPRODUCT((Giderler!E$4:E$203="Yazılım & Araçlar")*(Giderler!H$4:H$203="TRY")*Giderler!G$4:G$203),0) -> 0 | C20: =COUNTIF(Giderler!E$4:E$203,"Yazılım & Araçlar") -> 0
A21: Hosting & Sunucu | B21: =IFERROR(SUMPRODUCT((Giderler!E$4:E$203="Hosting & Sunucu")*(Giderler!H$4:H$203="TRY")*Giderler!G$4:G$203),0) -> 0 | C21: =COUNTIF(Giderler!E$4:E$203,"Hosting & Sunucu") -> 0
A22: Alan Adı & SSL | B22: =IFERROR(SUMPRODUCT((Giderler!E$4:E$203="Alan Adı & SSL")*(Giderler!H$4:H$203="TRY")*Giderler!G$4:G$203),0) -> 0 | C22: =COUNTIF(Giderler!E$4:E$203,"Alan Adı & SSL") -> 0
A23: Pazarlama & Reklam | B23: =IFERROR(SUMPRODUCT((Giderler!E$4:E$203="Pazarlama & Reklam")*(Giderler!H$4:H$203="TRY")*Giderler!G$4:G$203),0) -> 0 | C23: =COUNTIF(Giderler!E$4:E$203,"Pazarlama & Reklam") -> 0
A24: Hukuki & Danışmanlık | B24: =IFERROR(SUMPRODUCT((Giderler!E$4:E$203="Hukuki & Danışmanlık")*(Giderler!H$4:H$203="TRY")*Giderler!G$4:G$203),0) -> 0 | C24: =COUNTIF(Giderler!E$4:E$203,"Hukuki & Danışmanlık") -> 0
A25: Muhasebe & Finans | B25: =IFERROR(SUMPRODUCT((Giderler!E$4:E$203="Muhasebe & Finans")*(Giderler!H$4:H$203="TRY")*Giderler!G$4:G$203),0) -> 0 | C25: =COUNTIF(Giderler!E$4:E$203,"Muhasebe & Finans") -> 0
A26: Seyahat & Ulaşım | B26: =IFERROR(SUMPRODUCT((Giderler!E$4:E$203="Seyahat & Ulaşım")*(Giderler!H$4:H$203="TRY")*Giderler!G$4:G$203),0) -> 0 | C26: =COUNTIF(Giderler!E$4:E$203,"Seyahat & Ulaşım") -> 0
A27: Ofis & Kırtasiye | B27: =IFERROR(SUMPRODUCT((Giderler!E$4:E$203="Ofis & Kırtasiye")*(Giderler!H$4:H$203="TRY")*Giderler!G$4:G$203),0) -> 0 | C27: =COUNTIF(Giderler!E$4:E$203,"Ofis & Kırtasiye") -> 0
A28: Maaş & Ücret | B28: =IFERROR(SUMPRODUCT((Giderler!E$4:E$203="Maaş & Ücret")*(Giderler!H$4:H$203="TRY")*Giderler!G$4:G$203),0) -> 0 | C28: =COUNTIF(Giderler!E$4:E$203,"Maaş & Ücret") -> 0
A29: ESOP & Hisse | B29: =IFERROR(SUMPRODUCT((Giderler!E$4:E$203="ESOP & Hisse")*(Giderler!H$4:H$203="TRY")*Giderler!G$4:G$203),0) -> 0 | C29: =COUNTIF(Giderler!E$4:E$203,"ESOP & Hisse") -> 0
A30: Banka & Komisyon | B30: =IFERROR(SUMPRODUCT((Giderler!E$4:E$203="Banka & Komisyon")*(Giderler!H$4:H$203="TRY")*Giderler!G$4:G$203),0) -> 0 | C30: =COUNTIF(Giderler!E$4:E$203,"Banka & Komisyon") -> 0
A31: Diğer Gider | B31: =IFERROR(SUMPRODUCT((Giderler!E$4:E$203="Diğer Gider")*(Giderler!H$4:H$203="TRY")*Giderler!G$4:G$203),0) -> 0 | C31: =COUNTIF(Giderler!E$4:E$203,"Diğer Gider") -> 0
A33: Son düzenleme: 22.04.2026 | Gider ve Gelir sekmelerine veri girerek bu paneli güncel tutun.

Sheet Giderler
A1: CorteQS — Gider Takibi
A2: Şirket kurulana kadar geçici muhasebe kaydı
A3: ID | B3: Tarih | C3: Ay | D3: Kim | E3: Kategori | F3: Açıklama | G3: Tutar | H3: Para Birimi | I3: Ödeme Durumu | J3: Ödeme Yöntemi | K3: Fatura/Link | L3: Not | M3: Sanal Kart?
A4: =IF(C4<>"","G-"&TEXT(ROW()-3,"000"),"")
A5: =IF(C5<>"","G-"&TEXT(ROW()-3,"000"),"")
A6: =IF(C6<>"","G-"&TEXT(ROW()-3,"000"),"")
A7: =IF(C7<>"","G-"&TEXT(ROW()-3,"000"),"")
A8: =IF(C8<>"","G-"&TEXT(ROW()-3,"000"),"")
A9: =IF(C9<>"","G-"&TEXT(ROW()-3,"000"),"")
A10: =IF(C10<>"","G-"&TEXT(ROW()-3,"000"),"")
A11: =IF(C11<>"","G-"&TEXT(ROW()-3,"000"),"")
A12: =IF(C12<>"","G-"&TEXT(ROW()-3,"000"),"")
A13: =IF(C13<>"","G-"&TEXT(ROW()-3,"000"),"")
A14: =IF(C14<>"","G-"&TEXT(ROW()-3,"000"),"")
A15: =IF(C15<>"","G-"&TEXT(ROW()-3,"000"),"")
... A203: =IF(C203<>"","G-"&TEXT(ROW()-3,"000"),"")

Sheet Gelirler
A1: CorteQS — Gelir Takibi
A2: Şirket kurulana kadar geçici muhasebe kaydı
A3: ID | B3: Tarih | C3: Ay | D3: Müşteri/Kaynak | E3: Kategori | F3: Açıklama | G3: Tutar | H3: Para Birimi | I3: Tahsilat Durumu | J3: Link/Kayıt | K3: Not
A4: =IF(C4<>"","G-"&TEXT(ROW()-3,"000"),"")
A5: =IF(C5<>"","G-"&TEXT(ROW()-3,"000"),"")
A6: =IF(C6<>"","G-"&TEXT(ROW()-3,"000"),"")
A7: =IF(C7<>"","G-"&TEXT(ROW()-3,"000"),"")
A8: =IF(C8<>"","G-"&TEXT(ROW()-3,"000"),"")
A9: =IF(C9<>"","G-"&TEXT(ROW()-3,"000"),"")
A10: =IF(C10<>"","G-"&TEXT(ROW()-3,"000"),"")
A11: =IF(C11<>"","G-"&TEXT(ROW()-3,"000"),"")
A12: =IF(C12<>"","G-"&TEXT(ROW()-3,"000"),"")
A13: =IF(C13<>"","G-"&TEXT(ROW()-3,"000"),"")
A14: =IF(C14<>"","G-"&TEXT(ROW()-3,"000"),"")
A15: =IF(C15<>"","G-"&TEXT(ROW()-3,"000"),"")
... A203: =IF(C203<>"","G-"&TEXT(ROW()-3,"000"),"")

Sheet Kategoriler
A1: Gider Kategorileri | B1: Gelir Kategorileri | C1: Para Birimi | D1: Ödeme Durumu (Gider) | E1: Ödeme Durumu (Gelir) | F1: Ödeme Yöntemi | G1: Kim | H1: Aylar
A2: Yazılım & Araçlar | B2: Pilot Gelir | C2: TRY | D2: Ödendi | E2: Tahsil Edildi | F2: Sanal Kart - Burak | G2: Burak | H2: Ocak
A3: Hosting & Sunucu | B3: Danışmanlık Geliri | C3: USD | D3: Bekliyor | E3: Bekliyor | F3: Sanal Kart - Barış | G3: Barış | H3: Şubat
A4: Alan Adı & SSL | B4: Hibe & Grant | C4: EUR | D4: İptal | E4: İptal | F4: Kişisel Kart - Burak | G4: Ortak | H4: Mart
A5: Pazarlama & Reklam | B5: Yatırım Taahhüdü | C5: GBP | F5: Kişisel Kart - Barış | H5: Nisan
A6: Hukuki & Danışmanlık | B6: Demo Geliri | C6: QAR | F6: Havale / EFT | H6: Mayıs
A7: Muhasebe & Finans | B7: Diğer Gelir | F7: Nakit | H7: Haziran
A8: Seyahat & Ulaşım | F8: Diğer | H8: Temmuz
A9: Ofis & Kırtasiye | H9: Ağustos
A10: Maaş & Ücret | H10: Eylül
A11: ESOP & Hisse | H11: Ekim
A12: Banka & Komisyon | H12: Kasım
A13: Diğer Gider | H13: Aralık

Sheet Nakit Akışı
A1: CorteQS — Aylık Nakit Akışı
A2: Otomatik hesaplanan özet
A3: Kalem | B3: Ocak | C3: Şubat | D3: Mart | E3: Nisan | F3: Mayıs | G3: Haziran | H3: Temmuz | I3: Ağustos | J3: Eylül | K3: Ekim | L3: Kasım | M3: Aralık | N3: TOPLAM
A4: Toplam Gelir (TRY) | B4: =IFERROR(SUMPRODUCT((Gelirler!C$4:C$203="Ocak")*(Gelirler!H$4:H$203="TRY")*Gelirler!G$4:G$203),0) -> 0 | C4: =IFERROR(SUMPRODUCT((Gelirler!C$4:C$203="Şubat")*(Gelirler!H$4:H$203="TRY")*Gelirler!G$4:G$203),0) -> 0 | D4: =IFERROR(SUMPRODUCT((Gelirler!C$4:C$203="Mart")*(Gelirler!H$4:H$203="TRY")*Gelirler!G$4:G$203),0) -> 0 | E4: =IFERROR(SUMPRODUCT((Gelirler!C$4:C$203="Nisan")*(Gelirler!H$4:H$203="TRY")*Gelirler!G$4:G$203),0) -> 0 | F4: =IFERROR(SUMPRODUCT((Gelirler!C$4:C$203="Mayıs")*(Gelirler!H$4:H$203="TRY")*Gelirler!G$4:G$203),0) -> 0 | G4: =IFERROR(SUMPRODUCT((Gelirler!C$4:C$203="Haziran")*(Gelirler!H$4:H$203="TRY")*Gelirler!G$4:G$203),0) -> 0 | H4: =IFERROR(SUMPRODUCT((Gelirler!C$4:C$203="Temmuz")*(Gelirler!H$4:H$203="TRY")*Gelirler!G$4:G$203),0) -> 0 | I4: =IFERROR(SUMPRODUCT((Gelirler!C$4:C$203="Ağustos")*(Gelirler!H$4:H$203="TRY")*Gelirler!G$4:G$203),0) -> 0 | J4: =IFERROR(SUMPRODUCT((Gelirler!C$4:C$203="Eylül")*(Gelirler!H$4:H$203="TRY")*Gelirler!G$4:G$203),0) -> 0 | K4: =IFERROR(SUMPRODUCT((Gelirler!C$4:C$203="Ekim")*(Gelirler!H$4:H$203="TRY")*Gelirler!G$4:G$203),0) -> 0 | L4: =IFERROR(SUMPRODUCT((Gelirler!C$4:C$203="Kasım")*(Gelirler!H$4:H$203="TRY")*Gelirler!G$4:G$203),0) -> 0 | M4: =IFERROR(SUMPRODUCT((Gelirler!C$4:C$203="Aralık")*(Gelirler!H$4:H$203="TRY")*Gelirler!G$4:G$203),0) -> 0 | N4: =SUM(B4:M4) -> 0
A5: Toplam Gider (TRY) | B5: =IFERROR(SUMPRODUCT((Giderler!C$4:C$203="Ocak")*(Giderler!H$4:H$203="TRY")*Giderler!G$4:G$203),0) -> 0 | C5: =IFERROR(SUMPRODUCT((Giderler!C$4:C$203="Şubat")*(Giderler!H$4:H$203="TRY")*Giderler!G$4:G$203),0) -> 0 | D5: =IFERROR(SUMPRODUCT((Giderler!C$4:C$203="Mart")*(Giderler!H$4:H$203="TRY")*Giderler!G$4:G$203),0) -> 0 | E5: =IFERROR(SUMPRODUCT((Giderler!C$4:C$203="Nisan")*(Giderler!H$4:H$203="TRY")*Giderler!G$4:G$203),0) -> 0 | F5: =IFERROR(SUMPRODUCT((Giderler!C$4:C$203="Mayıs")*(Giderler!H$4:H$203="TRY")*Giderler!G$4:G$203),0) -> 0 | G5: =IFERROR(SUMPRODUCT((Giderler!C$4:C$203="Haziran")*(Giderler!H$4:H$203="TRY")*Giderler!G$4:G$203),0) -> 0 | H5: =IFERROR(SUMPRODUCT((Giderler!C$4:C$203="Temmuz")*(Giderler!H$4:H$203="TRY")*Giderler!G$4:G$203),0) -> 0 | I5: =IFERROR(SUMPRODUCT((Giderler!C$4:C$203="Ağustos")*(Giderler!H$4:H$203="TRY")*Giderler!G$4:G$203),0) -> 0 | J5: =IFERROR(SUMPRODUCT((Giderler!C$4:C$203="Eylül")*(Giderler!H$4:H$203="TRY")*Giderler!G$4:G$203),0) -> 0 | K5: =IFERROR(SUMPRODUCT((Giderler!C$4:C$203="Ekim")*(Giderler!H$4:H$203="TRY")*Giderler!G$4:G$203),0) -> 0 | L5: =IFERROR(SUMPRODUCT((Giderler!C$4:C$203="Kasım")*(Giderler!H$4:H$203="TRY")*Giderler!G$4:G$203),0) -> 0 | M5: =IFERROR(SUMPRODUCT((Giderler!C$4:C$203="Aralık")*(Giderler!H$4:H$203="TRY")*Giderler!G$4:G$203),0) -> 0 | N5: =SUM(B5:M5) -> 0
A6: Net Nakit Akışı | B6: =B4-B5 -> 0 | C6: =C4-C5 -> 0 | D6: =D4-D5 -> 0 | E6: =E4-E5 -> 0 | F6: =F4-F5 -> 0 | G6: =G4-G5 -> 0 | H6: =H4-H5 -> 0 | I6: =I4-I5 -> 0 | ... M6: =M4-M5 -> 0 | N6: =SUM(B6:M6) -> 0
A8: Burak Giderleri | B8: =IFERROR(SUMPRODUCT((Giderler!C$4:C$203="Ocak")*(Giderler!D$4:D$203="Burak")*(Giderler!H$4:H$203="TRY")*Giderler!G$4:G$203),0) -> 0 | C8: =IFERROR(SUMPRODUCT((Giderler!C$4:C$203="Şubat")*(Giderler!D$4:D$203="Burak")*(Giderler!H$4:H$203="TRY")*Giderler!G$4:G$203),0) -> 0 | D8: =IFERROR(SUMPRODUCT((Giderler!C$4:C$203="Mart")*(Giderler!D$4:D$203="Burak")*(Giderler!H$4:H$203="TRY")*Giderler!G$4:G$203),0) -> 0 | E8: =IFERROR(SUMPRODUCT((Giderler!C$4:C$203="Nisan")*(Giderler!D$4:D$203="Burak")*(Giderler!H$4:H$203="TRY")*Giderler!G$4:G$203),0) -> 0 | F8: =IFERROR(SUMPRODUCT((Giderler!C$4:C$203="Mayıs")*(Giderler!D$4:D$203="Burak")*(Giderler!H$4:H$203="TRY")*Giderler!G$4:G$203),0) -> 0 | G8: =IFERROR(SUMPRODUCT((Giderler!C$4:C$203="Haziran")*(Giderler!D$4:D$203="Burak")*(Giderler!H$4:H$203="TRY")*Giderler!G$4:G$203),0) -> 0 | H8: =IFERROR(SUMPRODUCT((Giderler!C$4:C$203="Temmuz")*(Giderler!D$4:D$203="Burak")*(Giderler!H$4:H$203="TRY")*Giderler!G$4:G$203),0) -> 0 | I8: =IFERROR(SUMPRODUCT((Giderler!C$4:C$203="Ağustos")*(Giderler!D$4:D$203="Burak")*(Giderler!H$4:H$203="TRY")*Giderler!G$4:G$203),0) -> 0 | J8: =IFERROR(SUMPRODUCT((Giderler!C$4:C$203="Eylül")*(Giderler!D$4:D$203="Burak")*(Giderler!H$4:H$203="TRY")*Giderler!G$4:G$203),0) -> 0 | K8: =IFERROR(SUMPRODUCT((Giderler!C$4:C$203="Ekim")*(Giderler!D$4:D$203="Burak")*(Giderler!H$4:H$203="TRY")*Giderler!G$4:G$203),0) -> 0 | L8: =IFERROR(SUMPRODUCT((Giderler!C$4:C$203="Kasım")*(Giderler!D$4:D$203="Burak")*(Giderler!H$4:H$203="TRY")*Giderler!G$4:G$203),0) -> 0 | M8: =IFERROR(SUMPRODUCT((Giderler!C$4:C$203="Aralık")*(Giderler!D$4:D$203="Burak")*(Giderler!H$4:H$203="TRY")*Giderler!G$4:G$203),0) -> 0 | N8: =SUM(B8:M8) -> 0
A9: Barış Giderleri | B9: =IFERROR(SUMPRODUCT((Giderler!C$4:C$203="Ocak")*(Giderler!D$4:D$203="Barış")*(Giderler!H$4:H$203="TRY")*Giderler!G$4:G$203),0) -> 0 | C9: =IFERROR(SUMPRODUCT((Giderler!C$4:C$203="Şubat")*(Giderler!D$4:D$203="Barış")*(Giderler!H$4:H$203="TRY")*Giderler!G$4:G$203),0) -> 0 | D9: =IFERROR(SUMPRODUCT((Giderler!C$4:C$203="Mart")*(Giderler!D$4:D$203="Barış")*(Giderler!H$4:H$203="TRY")*Giderler!G$4:G$203),0) -> 0 | E9: =IFERROR(SUMPRODUCT((Giderler!C$4:C$203="Nisan")*(Giderler!D$4:D$203="Barış")*(Giderler!H$4:H$203="TRY")*Giderler!G$4:G$203),0) -> 0 | F9: =IFERROR(SUMPRODUCT((Giderler!C$4:C$203="Mayıs")*(Giderler!D$4:D$203="Barış")*(Giderler!H$4:H$203="TRY")*Giderler!G$4:G$203),0) -> 0 | G9: =IFERROR(SUMPRODUCT((Giderler!C$4:C$203="Haziran")*(Giderler!D$4:D$203="Barış")*(Giderler!H$4:H$203="TRY")*Giderler!G$4:G$203),0) -> 0 | H9: =IFERROR(SUMPRODUCT((Giderler!C$4:C$203="Temmuz")*(Giderler!D$4:D$203="Barış")*(Giderler!H$4:H$203="TRY")*Giderler!G$4:G$203),0) -> 0 | I9: =IFERROR(SUMPRODUCT((Giderler!C$4:C$203="Ağustos")*(Giderler!D$4:D$203="Barış")*(Giderler!H$4:H$203="TRY")*Giderler!G$4:G$203),0) -> 0 | J9: =IFERROR(SUMPRODUCT((Giderler!C$4:C$203="Eylül")*(Giderler!D$4:D$203="Barış")*(Giderler!H$4:H$203="TRY")*Giderler!G$4:G$203),0) -> 0 | K9: =IFERROR(SUMPRODUCT((Giderler!C$4:C$203="Ekim")*(Giderler!D$4:D$203="Barış")*(Giderler!H$4:H$203="TRY")*Giderler!G$4:G$203),0) -> 0 | L9: =IFERROR(SUMPRODUCT((Giderler!C$4:C$203="Kasım")*(Giderler!D$4:D$203="Barış")*(Giderler!H$4:H$203="TRY")*Giderler!G$4:G$203),0) -> 0 | M9: =IFERROR(SUMPRODUCT((Giderler!C$4:C$203="Aralık")*(Giderler!D$4:D$203="Barış")*(Giderler!H$4:H$203="TRY")*Giderler!G$4:G$203),0) -> 0 | N9: =SUM(B9:M9) -> 0
A10: Ortak Giderler | B10: =IFERROR(SUMPRODUCT((Giderler!C$4:C$203="Ocak")*(Giderler!D$4:D$203="Ortak")*(Giderler!H$4:H$203="TRY")*Giderler!G$4:G$203),0) -> 0 | C10: =IFERROR(SUMPRODUCT((Giderler!C$4:C$203="Şubat")*(Giderler!D$4:D$203="Ortak")*(Giderler!H$4:H$203="TRY")*Giderler!G$4:G$203),0) -> 0 | D10: =IFERROR(SUMPRODUCT((Giderler!C$4:C$203="Mart")*(Giderler!D$4:D$203="Ortak")*(Giderler!H$4:H$203="TRY")*Giderler!G$4:G$203),0) -> 0 | E10: =IFERROR(SUMPRODUCT((Giderler!C$4:C$203="Nisan")*(Giderler!D$4:D$203="Ortak")*(Giderler!H$4:H$203="TRY")*Giderler!G$4:G$203),0) -> 0 | F10: =IFERROR(SUMPRODUCT((Giderler!C$4:C$203="Mayıs")*(Giderler!D$4:D$203="Ortak")*(Giderler!H$4:H$203="TRY")*Giderler!G$4:G$203),0) -> 0 | G10: =IFERROR(SUMPRODUCT((Giderler!C$4:C$203="Haziran")*(Giderler!D$4:D$203="Ortak")*(Giderler!H$4:H$203="TRY")*Giderler!G$4:G$203),0) -> 0 | H10: =IFERROR(SUMPRODUCT((Giderler!C$4:C$203="Temmuz")*(Giderler!D$4:D$203="Ortak")*(Giderler!H$4:H$203="TRY")*Giderler!G$4:G$203),0) -> 0 | I10: =IFERROR(SUMPRODUCT((Giderler!C$4:C$203="Ağustos")*(Giderler!D$4:D$203="Ortak")*(Giderler!H$4:H$203="TRY")*Giderler!G$4:G$203),0) -> 0 | J10: =IFERROR(SUMPRODUCT((Giderler!C$4:C$203="Eylül")*(Giderler!D$4:D$203="Ortak")*(Giderler!H$4:H$203="TRY")*Giderler!G$4:G$203),0) -> 0 | K10: =IFERROR(SUMPRODUCT((Giderler!C$4:C$203="Ekim")*(Giderler!D$4:D$203="Ortak")*(Giderler!H$4:H$203="TRY")*Giderler!G$4:G$203),0) -> 0 | L10: =IFERROR(SUMPRODUCT((Giderler!C$4:C$203="Kasım")*(Giderler!D$4:D$203="Ortak")*(Giderler!H$4:H$203="TRY")*Giderler!G$4:G$203),0) -> 0 | M10: =IFERROR(SUMPRODUCT((Giderler!C$4:C$203="Aralık")*(Giderler!D$4:D$203="Ortak")*(Giderler!H$4:H$203="TRY")*Giderler!G$4:G$203),0) -> 0 | N10: =SUM(B10:M10) -> 0
A12: Ödendi (Gider) | B12: =IFERROR(SUMPRODUCT((Giderler!C$4:C$203="Ocak")*(Giderler!I$4:I$203="Ödendi")*(Giderler!H$4:H$203="TRY")*Giderler!G$4:G$203),0) -> 0 | C12: =IFERROR(SUMPRODUCT((Giderler!C$4:C$203="Şubat")*(Giderler!I$4:I$203="Ödendi")*(Giderler!H$4:H$203="TRY")*Giderler!G$4:G$203),0) -> 0 | D12: =IFERROR(SUMPRODUCT((Giderler!C$4:C$203="Mart")*(Giderler!I$4:I$203="Ödendi")*(Giderler!H$4:H$203="TRY")*Giderler!G$4:G$203),0) -> 0 | E12: =IFERROR(SUMPRODUCT((Giderler!C$4:C$203="Nisan")*(Giderler!I$4:I$203="Ödendi")*(Giderler!H$4:H$203="TRY")*Giderler!G$4:G$203),0) -> 0 | F12: =IFERROR(SUMPRODUCT((Giderler!C$4:C$203="Mayıs")*(Giderler!I$4:I$203="Ödendi")*(Giderler!H$4:H$203="TRY")*Giderler!G$4:G$203),0) -> 0 | G12: =IFERROR(SUMPRODUCT((Giderler!C$4:C$203="Haziran")*(Giderler!I$4:I$203="Ödendi")*(Giderler!H$4:H$203="TRY")*Giderler!G$4:G$203),0) -> 0 | H12: =IFERROR(SUMPRODUCT((Giderler!C$4:C$203="Temmuz")*(Giderler!I$4:I$203="Ödendi")*(Giderler!H$4:H$203="TRY")*Giderler!G$4:G$203),0) -> 0 | I12: =IFERROR(SUMPRODUCT((Giderler!C$4:C$203="Ağustos")*(Giderler!I$4:I$203="Ödendi")*(Giderler!H$4:H$203="TRY")*Giderler!G$4:G$203),0) -> 0 | J12: =IFERROR(SUMPRODUCT((Giderler!C$4:C$203="Eylül")*(Giderler!I$4:I$203="Ödendi")*(Giderler!H$4:H$203="TRY")*Giderler!G$4:G$203),0) -> 0 | K12: =IFERROR(SUMPRODUCT((Giderler!C$4:C$203="Ekim")*(Giderler!I$4:I$203="Ödendi")*(Giderler!H$4:H$203="TRY")*Giderler!G$4:G$203),0) -> 0 | L12: =IFERROR(SUMPRODUCT((Giderler!C$4:C$203="Kasım")*(Giderler!I$4:I$203="Ödendi")*(Giderler!H$4:H$203="TRY")*Giderler!G$4:G$203),0) -> 0 | M12: =IFERROR(SUMPRODUCT((Giderler!C$4:C$203="Aralık")*(Giderler!I$4:I$203="Ödendi")*(Giderler!H$4:H$203="TRY")*Giderler!G$4:G$203),0) -> 0 | N12: =SUM(B12:M12) -> 0
A13: Bekliyor (Gider) | B13: =IFERROR(SUMPRODUCT((Giderler!C$4:C$203="Ocak")*(Giderler!I$4:I$203="Bekliyor")*(Giderler!H$4:H$203="TRY")*Giderler!G$4:G$203),0) -> 0 | C13: =IFERROR(SUMPRODUCT((Giderler!C$4:C$203="Şubat")*(Giderler!I$4:I$203="Bekliyor")*(Giderler!H$4:H$203="TRY")*Giderler!G$4:G$203),0) -> 0 | D13: =IFERROR(SUMPRODUCT((Giderler!C$4:C$203="Mart")*(Giderler!I$4:I$203="Bekliyor")*(Giderler!H$4:H$203="TRY")*Giderler!G$4:G$203),0) -> 0 | E13: =IFERROR(SUMPRODUCT((Giderler!C$4:C$203="Nisan")*(Giderler!I$4:I$203="Bekliyor")*(Giderler!H$4:H$203="TRY")*Giderler!G$4:G$203),0) -> 0 | F13: =IFERROR(SUMPRODUCT((Giderler!C$4:C$203="Mayıs")*(Giderler!I$4:I$203="Bekliyor")*(Giderler!H$4:H$203="TRY")*Giderler!G$4:G$203),0) -> 0 | G13: =IFERROR(SUMPRODUCT((Giderler!C$4:C$203="Haziran")*(Giderler!I$4:I$203="Bekliyor")*(Giderler!H$4:H$203="TRY")*Giderler!G$4:G$203),0) -> 0 | H13: =IFERROR(SUMPRODUCT((Giderler!C$4:C$203="Temmuz")*(Giderler!I$4:I$203="Bekliyor")*(Giderler!H$4:H$203="TRY")*Giderler!G$4:G$203),0) -> 0 | I13: =IFERROR(SUMPRODUCT((Giderler!C$4:C$203="Ağustos")*(Giderler!I$4:I$203="Bekliyor")*(Giderler!H$4:H$203="TRY")*Giderler!G$4:G$203),0) -> 0 | J13: =IFERROR(SUMPRODUCT((Giderler!C$4:C$203="Eylül")*(Giderler!I$4:I$203="Bekliyor")*(Giderler!H$4:H$203="TRY")*Giderler!G$4:G$203),0) -> 0 | K13: =IFERROR(SUMPRODUCT((Giderler!C$4:C$203="Ekim")*(Giderler!I$4:I$203="Bekliyor")*(Giderler!H$4:H$203="TRY")*Giderler!G$4:G$203),0) -> 0 | L13: =IFERROR(SUMPRODUCT((Giderler!C$4:C$203="Kasım")*(Giderler!I$4:I$203="Bekliyor")*(Giderler!H$4:H$203="TRY")*Giderler!G$4:G$203),0) -> 0 | M13: =IFERROR(SUMPRODUCT((Giderler!C$4:C$203="Aralık")*(Giderler!I$4:I$203="Bekliyor")*(Giderler!H$4:H$203="TRY")*Giderler!G$4:G$203),0) -> 0 | N13: =SUM(B13:M13) -> 0
A15: Tahsil Edildi (Gelir) | B15: =IFERROR(SUMPRODUCT((Gelirler!C$4:C$203="Ocak")*(Gelirler!I$4:I$203="Tahsil Edildi")*(Gelirler!H$4:H$203="TRY")*Gelirler!G$4:G$203),0) -> 0 | C15: =IFERROR(SUMPRODUCT((Gelirler!C$4:C$203="Şubat")*(Gelirler!I$4:I$203="Tahsil Edildi")*(Gelirler!H$4:H$203="TRY")*Gelirler!G$4:G$203),0) -> 0 | D15: =IFERROR(SUMPRODUCT((Gelirler!C$4:C$203="Mart")*(Gelirler!I$4:I$203="Tahsil Edildi")*(Gelirler!H$4:H$203="TRY")*Gelirler!G$4:G$203),0) -> 0 | E15: =IFERROR(SUMPRODUCT((Gelirler!C$4:C$203="Nisan")*(Gelirler!I$4:I$203="Tahsil Edildi")*(Gelirler!H$4:H$203="TRY")*Gelirler!G$4:G$203),0) -> 0 | F15: =IFERROR(SUMPRODUCT((Gelirler!C$4:C$203="Mayıs")*(Gelirler!I$4:I$203="Tahsil Edildi")*(Gelirler!H$4:H$203="TRY")*Gelirler!G$4:G$203),0) -> 0 | G15: =IFERROR(SUMPRODUCT((Gelirler!C$4:C$203="Haziran")*(Gelirler!I$4:I$203="Tahsil Edildi")*(Gelirler!H$4:H$203="TRY")*Gelirler!G$4:G$203),0) -> 0 | H15: =IFERROR(SUMPRODUCT((Gelirler!C$4:C$203="Temmuz")*(Gelirler!I$4:I$203="Tahsil Edildi")*(Gelirler!H$4:H$203="TRY")*Gelirler!G$4:G$203),0) -> 0 | I15: =IFERROR(SUMPRODUCT((Gelirler!C$4:C$203="Ağustos")*(Gelirler!I$4:I$203="Tahsil Edildi")*(Gelirler!H$4:H$203="TRY")*Gelirler!G$4:G$203),0) -> 0 | J15: =IFERROR(SUMPRODUCT((Gelirler!C$4:C$203="Eylül")*(Gelirler!I$4:I$203="Tahsil Edildi")*(Gelirler!H$4:H$203="TRY")*Gelirler!G$4:G$203),0) -> 0 | K15: =IFERROR(SUMPRODUCT((Gelirler!C$4:C$203="Ekim")*(Gelirler!I$4:I$203="Tahsil Edildi")*(Gelirler!H$4:H$203="TRY")*Gelirler!G$4:G$203),0) -> 0 | L15: =IFERROR(SUMPRODUCT((Gelirler!C$4:C$203="Kasım")*(Gelirler!I$4:I$203="Tahsil Edildi")*(Gelirler!H$4:H$203="TRY")*Gelirler!G$4:G$203),0) -> 0 | M15: =IFERROR(SUMPRODUCT((Gelirler!C$4:C$203="Aralık")*(Gelirler!I$4:I$203="Tahsil Edildi")*(Gelirler!H$4:H$203="TRY")*Gelirler!G$4:G$203),0) -> 0 | N15: =SUM(B15:M15) -> 0
A16: Bekliyor (Gelir) | B16: =IFERROR(SUMPRODUCT((Gelirler!C$4:C$203="Ocak")*(Gelirler!I$4:I$203="Bekliyor")*(Gelirler!H$4:H$203="TRY")*Gelirler!G$4:G$203),0) -> 0 | C16: =IFERROR(SUMPRODUCT((Gelirler!C$4:C$203="Şubat")*(Gelirler!I$4:I$203="Bekliyor")*(Gelirler!H$4:H$203="TRY")*Gelirler!G$4:G$203),0) -> 0 | D16: =IFERROR(SUMPRODUCT((Gelirler!C$4:C$203="Mart")*(Gelirler!I$4:I$203="Bekliyor")*(Gelirler!H$4:H$203="TRY")*Gelirler!G$4:G$203),0) -> 0 | E16: =IFERROR(SUMPRODUCT((Gelirler!C$4:C$203="Nisan")*(Gelirler!I$4:I$203="Bekliyor")*(Gelirler!H$4:H$203="TRY")*Gelirler!G$4:G$203),0) -> 0 | F16: =IFERROR(SUMPRODUCT((Gelirler!C$4:C$203="Mayıs")*(Gelirler!I$4:I$203="Bekliyor")*(Gelirler!H$4:H$203="TRY")*Gelirler!G$4:G$203),0) -> 0 | G16: =IFERROR(SUMPRODUCT((Gelirler!C$4:C$203="Haziran")*(Gelirler!I$4:I$203="Bekliyor")*(Gelirler!H$4:H$203="TRY")*Gelirler!G$4:G$203),0) -> 0 | H16: =IFERROR(SUMPRODUCT((Gelirler!C$4:C$203="Temmuz")*(Gelirler!I$4:I$203="Bekliyor")*(Gelirler!H$4:H$203="TRY")*Gelirler!G$4:G$203),0) -> 0 | I16: =IFERROR(SUMPRODUCT((Gelirler!C$4:C$203="Ağustos")*(Gelirler!I$4:I$203="Bekliyor")*(Gelirler!H$4:H$203="TRY")*Gelirler!G$4:G$203),0) -> 0 | J16: =IFERROR(SUMPRODUCT((Gelirler!C$4:C$203="Eylül")*(Gelirler!I$4:I$203="Bekliyor")*(Gelirler!H$4:H$203="TRY")*Gelirler!G$4:G$203),0) -> 0 | K16: =IFERROR(SUMPRODUCT((Gelirler!C$4:C$203="Ekim")*(Gelirler!I$4:I$203="Bekliyor")*(Gelirler!H$4:H$203="TRY")*Gelirler!G$4:G$203),0) -> 0 | L16: =IFERROR(SUMPRODUCT((Gelirler!C$4:C$203="Kasım")*(Gelirler!I$4:I$203="Bekliyor")*(Gelirler!H$4:H$203="TRY")*Gelirler!G$4:G$203),0) -> 0 | M16: =IFERROR(SUMPRODUCT((Gelirler!C$4:C$203="Aralık")*(Gelirler!I$4:I$203="Bekliyor")*(Gelirler!H$4:H$203="TRY")*Gelirler!G$4:G$203),0) -> 0 | N16: =SUM(B16:M16) -> 0
A18: * Nakit akışı yalnızca TRY işlemleri üzerinden hesaplanmaktadır. USD/EUR için ayrı sütun eklenebilir.
